PZ, NEH, JOHN, FNEH, BnB, Ann, Thres
7,5.333e-06,7,6.176e-06,7,1.772e-06,PZ, NEH, JOHN, FNEH, BnB, Ann, Thres
7,5.843e-06,7,7.075e-06,7,1.782e-06,7,0.0922086,7,8.94249
PZ, NEH, JOHN, FNEH, BnB, Ann, Thres
7,5.868e-06,7,6.903e-06,7,2.173e-06,7,2.594e-05,7,0.0929412,7,0.882143
PZ, NEH, JOHN, FNEH, BnB, Ann, Thres
7,8.503e-06,7,8.701e-06,7,2.63e-06,7,2.8788e-05,7,0.101659,7,0.898511
