PZ, NEH, JOHN, FNEH, BnB, Ann, Thres
54,0.00119188,64,0.101321
50,0.00988146,51,0.991957
57,0.0999511,57,9.63168
59,0.00968735,59,0.960421
55,0.00952184,58,0.943316
57,0.00951795,62,0.937578
PZ, NEH, JOHN, FNEH, BnB, Ann, Thres
63,0.00104602,66,0.0989269
62,0.0103744,62,1.00055
56,0.101099,56,9.86873
56,0.00970278,56,0.967866
55,0.00979873,58,0.968873
49,0.00985135,58,0.973366
59,0.00981215,61,0.967368
60,0.00958581,59,0.950216
70,0.00971914,67,0.96763
