PZ, NEH, JOHN, FNEH, BnB, Ann, Thres
---,---,1286,0.00124488,---,---,1286,0.000447522,---,---,1286,0.238425,1288,2.27652
